EngineId,date
80003a8c044e4f43233031,2024-03-20T09:14:16+01:00
800000090300defbc49a80,2023-02-08T07:04:48+01:00
8000000903e41f7b10e4e0,2022-05-10T01:07:12+02:00
8000000903003c13ccee3e00,2023-05-15T14:41:29+02:00
80000a4c03fc3342d45fb0,2023-05-23T07:27:55+02:00
00000009030010f31101cdc8,2015-09-18T19:48:01+02:00
000000090300a80c0d7141ef,2022-10-19T11:54:39+02:00
0000000903005087897eccd0,2022-10-04T15:15:15+02:00
0000000903000896ad5ede60,2021-03-16T23:43:23+01:00
800007db0340eeddcf3dcd,2023-08-17T16:35:13+02:00
80000a4c03fc3342d45fb0,2023-05-23T07:27:56+02:00
80000a4c03fc3342d45fb0,2023-05-23T07:27:56+02:00
00000009030010f31101cdc8,2015-09-18T19:48:02+02:00
000000090300d867d9155c80,2024-01-31T09:29:59+01:00
80001f8880860f550e161d7a6400000000,2023-06-02T17:50:07+02:00
80000a4c03fc3342d45fb0,2023-05-23T07:27:56+02:00
8000000903380e4d121880,2022-10-18T16:23:51+02:00
800000090300b838614e6177,2017-03-28T15:00:55+02:00
80001f8880859d6b678bfe276400000000,2024-02-27T07:51:59+01:00
8000000903000023eb0e6c74,2021-12-11T23:37:10+01:00
000000090300d46d50000298,2023-10-07T08:53:13+02:00
80001f880398192c488800,2023-10-20T23:50:23+02:00
000000090300508789633780,2017-07-17T20:24:37+02:00
00000009030078baf919ea58,2022-10-06T20:31:18+02:00
800000090300f866f241a700,2022-06-04T22:28:35+02:00
af998877660020cfae9082f0,2023-02-09T12:39:49+01:00
000000090300b026803117e0,2021-12-24T00:05:48+01:00
000000090300b026802d2b80,2021-12-23T22:44:26+01:00
0000000902000003e3912986,2018-06-21T20:28:57+02:00
80000009034c0082cb74a0,2023-12-13T00:43:19+01:00
000000090300e0acf135717a,2023-12-21T05:07:37+01:00
000000090300e4c7223866e8,2022-10-07T01:02:56+02:00
800000090300f866f241a700,2022-06-04T22:28:36+02:00
80000009030014a2a00964e0,2022-12-09T15:27:32+01:00
f5717fc0d68234d48d00,2023-01-11T10:09:01+01:00
00000009030000a742533de0,2023-08-10T04:40:49+02:00
0000000903000896ad61714a,2022-04-17T00:55:56+02:00
800000090300defb3078a0,2022-04-16T22:06:58+02:00
00000009020000d0ba938540,2021-09-13T21:55:16+02:00
800007c703609c9f862a00,2019-11-05T20:42:41+01:00
800007c703cc4e241d6e00,2019-04-24T00:31:04+02:00
800007c7030024387ba400,2023-06-20T19:26:10+02:00
8000000903000023eb0e6c74,2021-12-11T23:37:10+01:00
000000090300d46d50000298,2023-10-07T08:53:14+02:00
80000009037cad74f49f20,2016-08-23T07:27:27+02:00
80000a4c03fc3342d45fb0,2023-05-23T07:27:56+02:00
00000009030010f31101cdc8,2015-09-18T19:48:01+02:00
000000090300a80c0d7141ef,2022-10-19T11:54:39+02:00
0000000903005087897eccd0,2022-10-04T15:15:15+02:00
0000000903000896ad5ede60,2021-03-16T23:43:23+01:00
000000090300007686022590,2024-02-04T17:45:35+01:00
00000009030000a38e97b52a,2021-09-09T14:40:51+02:00
80000a4c010a8297fe,2024-03-06T13:23:39+01:00
f5717f444ca8f8f21100,2022-12-08T14:59:42+01:00
0000000903000896ad61714a,2022-04-17T00:55:56+02:00
800000090300defb3078a0,2022-04-16T22:06:57+02:00
f5717f28993a26679f00,2023-11-19T22:17:14+01:00
f5717f28993ab336d600,2020-08-04T07:23:02+02:00
80000a4c010a320008,2024-03-17T14:45:23+01:00
800000090300f866f241a700,2022-06-04T22:28:35+02:00
010000000022,2023-06-04T06:38:02+02:00
010000000022,2023-06-04T06:38:02+02:00
010000000022,2023-06-04T06:38:02+02:00
00000009030000a742533de0,2023-08-10T04:40:50+02:00
0000000903000896ad61714a,2022-04-17T00:55:57+02:00
800000090300defb3735a0,2022-04-16T22:11:36+02:00
80000009034c0082cb74a0,2023-12-13T00:43:20+01:00
f5717f28993a2755cf00,2020-08-04T05:36:11+02:00
f5717f7483ef46b2fc00,2020-08-04T06:55:52+02:00
f5717f28993a2755cf00,2020-08-04T05:36:11+02:00
f5717f7483ef46b2fc00,2020-08-04T06:55:51+02:00
f5717ffcbd67f4ff9f00,2024-02-05T22:29:11+01:00
f5717f28993ad0771a00,2024-02-06T22:49:35+01:00
80000009034c0082cb74a0,2023-12-13T00:43:20+01:00
800000090300dc8c37278400,2021-12-16T17:07:52+01:00
0000000902000003e3912986,2018-06-21T20:28:58+02:00
800000090300885a92bbcc00,2022-12-17T13:40:08+01:00
f5717f001c73086b6000,2024-02-25T13:35:39+01:00
